ID;GENRE_IDS;RELEASE_DATE;VOTE_COUNT;VOTE_AVERAGE;TITLE
993710;[28, 35];2025-01-15;866;6.611;Back in Action
1156593;[10749, 18];2024-12-26;1020;7.128;Your Fault
1097549;[18];2024-12-25;416;5.75;Babygirl
426063;[27, 14];2024-12-25;1986;6.662;Nosferatu
939243;[28, 878, 35, 10751];2024-12-19;1644;7.8;Sonic the Hedgehog 3
762509;[12, 10751, 16];2024-12-18;982;7.431;Mufasa: The Lion King
539972;[28, 12, 53];2024-12-11;1133;6.614;Kraven the Hunter
1061699;[18, 10752, 36];2024-12-06;403;7.581;The Six Triple Eight
1005331;[53, 28];2024-12-05;1876;6.917;Carry-On
839033;[16, 14, 12, 10751, 28];2024-12-05;410;6.6;The Lord of the Rings: The War of the Rohirrim
1234811;[10749, 35, 18];2024-11-27;472;6.266;Our Little Secret
1241982;[16, 12, 10751, 35];2024-11-21;1377;7.2;Moana 2
402431;[18, 10749, 14];2024-11-20;1687;6.9;Wicked
1035048;[28, 878, 53];2024-11-07;490;6.4;Elevation
558449;[28, 12, 18];2024-11-05;2746;6.756;Gladiator II
1013850;[35, 18];2024-11-01;401;6.869;A Real Pain
1138194;[27, 53];2024-10-31;1060;7.172;Heretic
845781;[28, 14, 35, 12];2024-10-31;2262;7.1;Red One
1106739;[80, 18];2024-10-30;1401;6.794;Juror #2
827931;[27, 878, 53];2024-10-29;426;5.665;Time Cut
974576;[18, 9648, 53];2024-10-25;1141;7.1;Conclave
1063877;[27, 53];2024-10-24;723;6.379;Don't Move
1091181;[12, 35, 14, 28];2024-10-22;395;5.589;Family Pack
912649;[28, 878, 12];2024-10-22;2747;6.8;Venom: The Last Dance
1100782;[27, 9648];2024-10-16;1285;6.6;Smile 2
959604;[10749, 80, 18];2024-10-16;539;7.3;Beating Hearts
1064213;[18, 35, 10749];2024-10-14;976;7.1;Anora
1100099;[10749, 18, 35];2024-10-10;623;7.4;We Live in Time
976734;[28, 53, 80];2024-10-10;365;6.3;Canary Black
1182047;[36, 18];2024-10-09;447;6.9;The Apprentice
1034541;[27, 53];2024-10-09;1445;6.9;Terrifier 3
1118031;[18, 28, 27];2024-10-04;911;6.8;Apocalypse Z: The Beginning of the End
835113;[80, 18, 53];2024-10-03;660;6.4;Woman of the Hour
748230;[27];2024-10-03;448;6.1;Salem's Lot
889737;[18, 80, 53];2024-10-01;2142;5.505;Joker: Folie à Deux
1125510;[878, 27, 53];2024-09-27;1086;5.561;The Platform 2
592831;[878, 18];2024-09-25;660;5.263;Megalopolis
877817;[35, 28, 80];2024-09-20;967;6.546;Wolfs
1184918;[16, 878, 10751];2024-09-12;4267;8.3;The Wild Robot
748167;[878, 12, 28];2024-09-12;711;5.8;Uglies
1114513;[27, 53];2024-09-11;1269;7.3;Speak No Evil
698687;[16, 878, 12, 10751];2024-09-11;1068;8.103;Transformers One
933260;[27, 878, 35];2024-09-07;3748;7.137;The Substance
917496;[35, 14, 27];2024-09-04;2284;7.072;Beetlejuice Beetlejuice
1087822;[14, 27, 28];2024-08-29;354;5.3;Hellboy: The Crooked Man
823219;[16, 14, 12];2024-08-29;1087;8.3;Flow
646097;[80, 28, 53, 18];2024-08-27;1187;6.978;Rebel Ridge
1029281;[80, 27, 53];2024-08-22;374;6.937;Strange Darling
970347;[28, 53, 80];2024-08-22;364;6.4;The Killer
974950;[18, 53];2024-08-21;1183;7.114;Emilia Pérez
957452;[28, 14, 27];2024-08-21;936;5.849;The Crow
840705;[9648, 53];2024-08-21;1230;6.695;Blink Twice
930600;[27, 53];2024-08-16;458;6.1;The Deliverance
1064028;[878, 53];2024-08-15;602;6.679;Subservience
704239;[28, 35];2024-08-15;934;6.171;The Union
1094138;[35, 28];2024-08-13;635;6.4;Jackpot!
945961;[27, 878];2024-08-13;3255;7.2;Alien: Romulus
1079091;[18, 10749];2024-08-07;1397;7.106;It Ends with Us
365177;[28, 878, 35];2024-08-07;1002;5.7;Borderlands
1059064;[80, 35, 28];2024-08-02;439;6.2;The Instigators
1032823;[80, 27, 9648, 53];2024-07-31;1901;6.4;Trap
533535;[28, 35, 878];2024-07-24;6649;7.631;Deadpool & Wolverine
1216191;[27, 9648];2024-07-19;373;6.676;Oddity
1048241;[28, 35];2024-07-18;363;6.7;My Spy The Eternal City
974262;[14, 12, 10751, 35];2024-07-11;392;6.872;Descendants: The Rise of Red
1226578;[80, 27, 53];2024-07-10;1762;6.598;Longlegs
956842;[10749, 35];2024-07-10;790;6.9;Fly Me to the Moon
718821;[28, 53];2024-07-10;2187;6.9;Twisters
1023922;[27, 9648, 53];2024-07-04;966;6.339;MaXXXine
1084736;[28, 12, 18];2024-06-28;1386;8.1;The Count of Monte Cristo
987686;[10749, 35];2024-06-27;595;5.782;A Family Affair
932086;[37, 18];2024-06-26;447;7.0;Horizon: An American Saga - Chapter 1
762441;[27, 878, 53];2024-06-26;2503;6.8;A Quiet Place: Day One
704673;[28];2024-06-20;507;5.737;Trigger Warning
519182;[16, 10751, 35, 878];2024-06-20;2516;7.061;Despicable Me 4
280180;[28, 35, 80];2024-06-20;1177;6.698;Beverly Hills Cop: Axel F
1008409;[80, 18];2024-06-19;794;6.737;The Bikeriders
1022789;[16, 12, 35, 10751];2024-06-11;5496;7.6;Inside Out 2
1086747;[14, 27, 9648];2024-06-06;1159;6.458;The Watchers
573435;[28, 35, 80, 53, 12];2024-06-05;2718;7.4;Bad Boys: Ride or Die
1001311;[28, 27];2024-06-04;1239;5.954;Under Paris
1029955;[18, 35];2024-05-30;902;6.572;Kinds of Kindness
614933;[878, 28];2024-05-23;1322;6.764;Atlas
786892;[28, 878, 12];2024-05-22;3864;7.502;Furiosa: A Mad Max Saga
974635;[35, 10749, 80];2024-05-16;1158;6.834;Hit Man
1010600;[27, 53];2024-05-15;460;5.778;The Strangers: Chapter 1
653346;[878, 12, 28];2024-05-08;3535;7.098;Kingdom of the Planet of the Apes
639720;[35, 14, 10751];2024-05-08;1251;7.107;IF
858017;[18, 27];2024-05-03;401;6.1;I Saw the TV Glow
843527;[10749, 18, 35];2024-05-02;1593;7.405;The Idea of You
719221;[27];2024-05-01;1109;6.507;Tarot
748783;[16, 35, 10751, 12];2024-04-30;1192;7.1;The Garfield Movie
882059;[80, 53, 28];2024-04-24;617;6.8;Boy Kills World
746036;[28, 35, 10749];2024-04-24;2725;7.062;The Fall Guy
934632;[878, 28];2024-04-19;1230;6.1;Rebel Moon - Part Two: The Scargiver
1152014;[35];2024-04-18;680;7.135;A Little Something Extra
937287;[10749, 18];2024-04-18;1997;6.97;Challengers
799583;[28, 35, 10752];2024-04-18;1338;7.084;The Ministry of Ungentlemanly Warfare
1111873;[27, 53];2024-04-16;1371;6.78;Abigail
1051896;[28, 27, 53, 878];2024-04-12;593;6.132;Arcadian
998846;[10402, 36, 18];2024-04-11;540;6.684;Back to Black
929590;[10752, 28, 18];2024-04-10;3251;6.9;Civil War
1127166;[10749, 18];2024-04-03;827;6.5;The Tearsmith
560016;[28, 53];2024-04-03;1040;6.916;Monkey Man
437342;[27];2024-04-03;1015;6.848;The First Omen
984324;[28];2024-03-28;448;6.223;The Wages of Fear
823464;[28, 12, 878];2024-03-27;4047;7.118;Godzilla x Kong: The New Empire
978592;[9648, 53, 80, 18];2024-03-21;351;7.054;Sleeping Dogs
1041613;[27, 9648, 53];2024-03-20;1340;6.229;Immaculate
967847;[14, 12, 35];2024-03-20;1692;6.514;Ghostbusters: Frozen Empire
938614;[27];2024-03-19;1360;7.178;Late Night with the Devil
618588;[12, 18];2024-03-15;739;7.6;Arthur the King
1019420;[10749, 35, 14];2024-03-14;442;6.204;Irish Wish
359410;[28, 53];2024-03-08;2408;6.9;Road House
1022690;[35];2024-03-07;625;6.519;Ricky Stanicky
948549;[10749, 80, 53];2024-03-07;693;6.558;Love Lies Bleeding
763215;[14, 28, 12];2024-03-07;2326;7.03;Damsel
1125311;[27, 9648];2024-03-06;538;5.999;Imaginary
1011985;[16, 10751, 28, 35];2024-03-02;2946;7.081;Kung Fu Panda 4
932420;[878, 28, 80];2024-02-27;594;6.371;Code 8 Part II
693134;[878, 12];2024-02-27;6221;8.2;Dune: Part Two
1139566;[10749, 18, 35];2024-02-23;579;7.0;Through My Window 3: Looking at You
975773;[35, 18, 9648];2024-02-23;432;7.0;Wicked Little Letters
636706;[878, 12, 18];2024-02-23;848;6.731;Spaceman
957304;[35, 80];2024-02-22;407;5.4;Drive-Away Dolls
838209;[9648, 27, 53];2024-02-22;460;7.5;Exhuma
802219;[10402, 36, 18];2024-02-14;799;6.725;Bob Marley: One Love
634492;[28, 14];2024-02-14;2093;5.4;Madame Web
969492;[28, 10752, 53];2024-02-09;1205;7.3;Land of Bad
1014590;[10749, 35];2024-02-07;857;7.22;Upgraded
993784;[35, 27, 10749];2024-02-07;408;6.3;Lisa Frankenstein
1139829;[16, 10751, 35, 14];2024-02-01;531;6.562;Orion and the Dark
848538;[28, 12, 35];2024-01-31;1410;6.1;Argylle
933131;[878, 28];2024-01-25;719;6.7;Badland Hunters
1212073;[28, 12, 80, 18];2024-01-19;574;6.762;Sixty Minutes
1052280;[35, 9648, 878];2024-01-19;509;6.4;It's What's Inside
1096197;[53, 27, 28];2024-01-18;987;6.3;No Way Up
1026436;[53, 35, 18];2024-01-18;748;6.422;Miller's Girl
955916;[28, 35, 80];2024-01-12;1271;6.5;Lift
758679;[53, 18];2024-01-11;449;6.9;Mothers' Instinct
673593;[35];2024-01-10;584;5.9;Mean Girls
626412;[28, 14, 12];2024-01-10;679;6.648;Alienoid: Return to the Future
866398;[80, 28, 53];2024-01-08;3341;7.3;The Beekeeper
1072342;[27];2024-01-03;656;5.582;Night Swim
845783;[27];2023-12-28;376;6.6;Baghead
1063879;[27, 53];2023-12-27;402;6.711;Infested
1062807;[16, 35, 12, 28];2023-12-22;501;7.052;SPY x FAMILY CODE: White
994108;[10749, 18, 14];2023-12-22;786;7.5;All of Us Strangers
1072790;[10749, 35];2023-12-21;2400;6.908;Anyone But You
850165;[36, 18];2023-12-21;937;7.528;The Iron Claw
760774;[36, 18];2023-12-21;744;7.786;One Life
572802;[28, 12, 14];2023-12-20;2945;6.6;Aquaman and the Lost Kingdom
906126;[18, 36];2023-12-15;3049;8.005;Society of the Snow
848326;[878, 18, 28, 10752];2023-12-15;2219;6.3;Rebel Moon - Part One: A Child of Fire
467244;[18, 36, 10752];2023-12-15;2003;7.047;The Zone of Interest
1029575;[28, 35];2023-12-14;1447;7.2;The Family Plan
848187;[28, 35, 10749];2023-12-14;547;6.0;Role Play
365620;[36, 18];2023-12-14;1020;6.4;Ferrari
845111;[12, 28, 18];2023-12-13;685;6.445;The Three Musketeers: Milady
520758;[10751, 16, 12, 35];2023-12-08;762;7.0;Chicken Run: Dawn of the Nugget
792307;[878, 10749, 35];2023-12-07;4450;7.7;Poor Things
940551;[16, 12, 35, 10751];2023-12-06;1921;7.418;Migration
838240;[16, 18, 35, 878];2023-12-06;613;8.0;Robot Dreams
787699;[35, 10751, 14];2023-12-06;3738;7.1;Wonka
891699;[28, 53];2023-11-30;779;6.194;Silent Night
798021;[35, 14, 10751];2023-11-30;660;6.383;Family Switch
1022964;[35, 14, 10751];2023-11-29;417;6.0;Candy Cane Lane
753342;[36, 10752, 10749];2023-11-22;2617;6.366;Napoleon
726209;[18, 9648, 53];2023-11-22;2628;6.405;Leave the World Behind
523607;[18, 10749, 10402];2023-11-22;733;6.343;Maestro
1075794;[16, 35, 10751];2023-11-17;1195;7.4;Leo
1071215;[27, 9648, 53];2023-11-16;1274;6.5;Thanksgiving
930564;[18, 35, 53];2023-11-16;2405;7.0;Saltburn
839369;[18];2023-11-16;839;6.614;May December
621587;[35, 18];2023-11-16;481;6.4;Next Goal Wins
695721;[18, 878, 28];2023-11-15;2873;7.0;The Hunger Games: The Ballad of Songbirds & Snakes
1022796;[16, 10751, 14, 12];2023-11-13;1546;6.3;Wish
1056360;[35, 18];2023-11-10;1046;7.317;American Fiction
976893;[18];2023-11-10;1352;7.767;Perfect Days
823482;[35, 14];2023-11-10;958;6.646;Dream Scenario
609681;[878, 12, 28];2023-11-08;2822;6.0;The Marvels
940721;[878, 27, 28];2023-11-03;2497;7.567;Godzilla Minus One
1075175;[18];2023-11-02;370;6.3;How to Have Sex
1010928;[28, 35, 18];2023-11-01;441;6.076;Wingwomen
1020006;[18, 10749];2023-10-27;824;6.82;Priscilla
840430;[35, 18];2023-10-27;1844;7.688;The Holdovers
1026227;[18, 35, 10752, 36];2023-10-26;1300;8.1;There's Still Tomorrow
800158;[80, 53];2023-10-25;2260;6.6;The Killer
507089;[27, 9648, 53];2023-10-25;4204;7.501;Five Nights at Freddy's
1147400;[16, 12, 28, 14, 10751];2023-10-21;565;7.2;Miraculous World: Paris, Tales of Shadybug and Claw Noir
987917;[35];2023-10-20;359;6.288;Old Dads
862968;[18];2023-10-20;646;6.639;Pain Hustlers
1058694;[18];2023-10-19;439;8.371;Radical
912916;[10749, 18, 35];2023-10-19;402;7.087;The Other Zoey
895549;[18, 36];2023-10-18;464;7.1;NYAD
466420;[80, 36, 18];2023-10-18;3442;7.4;Killers of the Flower Moon
1160164;[10402];2023-10-13;430;8.258;TAYLOR SWIFT | THE ERAS TOUR
901362;[16, 10751, 10402, 14, 35];2023-10-12;875;7.3;Trolls Band Together
837335;[18, 14, 35];2023-10-12;419;7.3;La Chimera
1027073;[28, 53];2023-10-06;428;6.5;In the Land of Saints and Sinners
763165;[18, 36];2023-10-06;507;7.1;The Burial
980026;[28, 18, 36];2023-10-05;369;7.747;The Promised Land
961268;[28, 53];2023-10-05;529;7.0;Ballerina
897087;[28, 35];2023-10-05;1009;6.5;Freelance
744857;[27, 53];2023-10-05;1069;7.285;When Evil Lurks
943134;[12, 18, 878];2023-10-04;737;7.0;The Animal Kingdom
807172;[27];2023-10-04;1078;5.901;The Exorcist: Believer
1172676;[35, 53];2023-09-29;434;6.877;Poison
1151534;[53, 18];2023-09-29;1396;7.356;Nowhere
937249;[53, 878, 28];2023-09-29;503;6.1;57 Seconds
866463;[80, 9648, 53];2023-09-29;1003;6.681;Reptile
1172674;[35];2023-09-28;396;6.595;The Rat Catcher
974931;[35, 27, 878];2023-09-28;897;6.9;Totally Killer
910571;[18, 53, 10749];2023-09-28;516;6.4;Fair Play
1172675;[18];2023-09-27;390;6.8;The Swan
951491;[27, 9648, 53];2023-09-27;2025;7.223;Saw X
944401;[28, 18, 80];2023-09-27;1136;7.904;Dogman
670292;[28, 12, 878];2023-09-27;3188;7.076;The Creator
1188150;[99];2023-09-26;419;6.481;Return
1139087;[16, 10751, 14, 35];2023-09-24;365;8.288;Once Upon a Studio
830764;[27, 14];2023-09-23;363;5.6;Pet Sematary: Bloodlines
820609;[27, 878, 53];2023-09-22;1195;6.7;No One Will Save You
893723;[16, 10751, 28, 878, 35, 18, 12];2023-09-21;465;7.0;PAW Patrol: The Mighty Movie
923939;[35, 14, 12];2023-09-20;1033;7.2;The Wonderful Story of Henry Sugar
859235;[10749, 18, 35];2023-09-15;373;6.217;Coup de Chance
792293;[36, 35, 18];2023-09-15;584;6.7;Dumb Money
353577;[10749, 18];2023-09-15;594;7.246;Love at First Sight
299054;[28, 12, 53];2023-09-15;1611;6.1;Expend4bles
986280;[10749, 35, 18];2023-09-14;559;7.21;Fallen Leaves
945729;[9648, 53, 80];2023-09-13;2392;6.6;A Haunting in Venice
820525;[10749, 18];2023-09-13;889;6.918;After Everything
1002185;[18, 36];2023-09-08;445;7.734;A Million Miles Away
937746;[12, 18];2023-09-07;687;7.8;Io Capitano
968051;[27];2023-09-06;2105;6.72;The Nun II
926393;[28, 53, 80];2023-08-30;3129;7.3;The Equalizer 3
814776;[35];2023-08-25;644;6.7;Bottoms
915935;[53, 9648, 80];2023-08-23;2627;7.6;Anatomy of a Fall
762430;[53, 28, 12];2023-08-23;1180;6.6;Retribution
999644;[35];2023-08-18;424;6.436;You Are So Not Invited to My Bat Mitzvah
912908;[35, 12];2023-08-17;843;7.247;Strays
565770;[28, 878, 12];2023-08-16;2694;6.7;Blue Beetle
980489;[12, 28, 18];2023-08-09;2825;7.768;Gran Turismo
724209;[53, 28];2023-08-09;1734;6.8;Heart of Stone
635910;[14, 27, 53];2023-08-09;1652;6.789;The Last Voyage of the Demeter
1070514;[35, 27];2023-08-03;558;6.6;Zom 100: Bucket List of the Dead
1110358;[35, 18];2023-08-02;614;7.086;Yannick
615656;[28, 878, 27];2023-08-02;3500;6.5;Meg 2: The Trench
614930;[16, 35, 28, 878];2023-07-31;1338;7.2;Teenage Mutant Ninja Turtles: Mutant Mayhem
930094;[35, 10749];2023-07-27;1318;8.0;Red, White & Royal Blue
1008042;[27];2023-07-26;3087;7.159;Talk to Me
616747;[35, 18, 27, 14];2023-07-26;1071;6.468;Haunted Mansion
872585;[18, 36];2023-07-19;9772;8.1;Oppenheimer
709631;[27];2023-07-19;904;6.5;Cobweb
346698;[35, 12];2023-07-19;9527;6.986;Barbie
856289;[28, 14, 10752];2023-07-15;389;7.1;Creation of the Gods I: Kingdom of Storms
805320;[53, 878, 27];2023-07-14;715;5.9;Bird Box Barcelona
508883;[16, 12, 14, 10751, 18];2023-07-14;1997;7.449;The Boy and the Heron
575264;[28, 12];2023-07-08;3995;7.539;Mission: Impossible - Dead Reckoning Part One
921636;[10749, 28, 35];2023-07-07;713;6.036;The Out-Laws
457332;[28, 35, 53];2023-07-06;987;6.9;Hidden Strike
614479;[27, 53];2023-07-05;1724;6.582;Insidious: The Red Door
496450;[16, 14, 28, 10749, 10751];2023-07-05;878;7.6;Miraculous: Ladybug & Cat Noir, The Movie
678512;[28, 18];2023-07-03;2479;8.0;Sound of Freedom
1040148;[16, 10751, 14, 35];2023-06-28;993;7.2;Ruby Gillman, Teenage Kraken
335977;[12, 28];2023-06-25;3528;6.6;Indiana Jones and the Dial of Destiny
1140066;[878, 53];2023-06-24;603;6.532;Paradise
988078;[10749, 18, 35];2023-06-23;872;6.593;Through My Window: Across the Sea
961323;[16, 10751, 28, 878, 12, 14, 18];2023-06-23;1136;7.9;Nimona
1083862;[16, 28, 27];2023-06-22;1008;7.3;Resident Evil: Death Island
864168;[35];2023-06-22;382;6.6;Joy Ride
1076364;[16, 12, 10751, 35];2023-06-15;411;7.485;Carl's Date
884605;[35, 10749];2023-06-15;3161;6.758;No Hard Feelings
976573;[16, 35, 10751, 14, 10749];2023-06-14;4656;7.6;Elemental
736769;[35, 878, 9648];2023-06-14;593;6.569;They Cloned Tyrone
298618;[12, 28, 878];2023-06-13;4386;6.673;The Flash
697843;[28, 53];2023-06-09;2517;7.4;Extraction 2
1010581;[10749, 18];2023-06-08;3516;7.843;My Fault
747188;[35, 18];2023-06-08;1975;6.5;Asteroid City
667538;[878, 12, 28];2023-06-06;4780;7.3;Transformers: Rise of the Beasts
1050035;[9648, 53, 18];2023-06-02;619;8.0;Monster
985617;[18, 53];2023-06-02;440;6.4;Reality
666277;[18, 10749];2023-06-02;1801;7.7;Past Lives
955555;[28, 80, 35, 53, 18];2023-05-31;451;7.2;The Roundup: No Way Out
569094;[16, 28, 12, 878];2023-05-31;7275;8.351;Spider-Man: Across the Spider-Verse
532408;[27, 53, 9648];2023-05-31;905;6.4;The Boogeyman
986070;[28, 27, 53];2023-05-26;354;6.321;The Wrath of Becky
717930;[28, 53];2023-05-25;1060;6.8;Kandahar
447277;[12, 10751, 14, 10749];2023-05-18;2991;6.3;The Little Mermaid
385687;[28, 80, 53];2023-05-17;5754;7.061;Fast X
921452;[18, 36, 10749];2023-05-16;556;7.0;Jeanne du Barry
536437;[9648, 53, 878, 28];2023-05-11;1246;6.2;Hypnotic
998022;[18];2023-05-04;531;7.2;The Teachers' Lounge
758336;[10749, 18, 35];2023-05-04;395;6.729;Love Again
552688;[28, 53];2023-05-04;1280;6.639;The Mother
447365;[878, 12, 28];2023-05-03;7110;8.0;Guardians of the Galaxy Vol. 3
1102776;[28];2023-04-28;637;6.87;AKA
455476;[14, 28, 12];2023-04-27;1155;6.369;Knights of the Zodiac
890771;[53, 18, 27];2023-04-26;638;5.974;The Black Demon
1098110;[28, 18, 10752];2023-04-21;378;6.7;Blood & Gold
420808;[10751, 14, 28, 12];2023-04-20;687;5.471;Peter Pan & Wendy
882569;[10752, 28, 53];2023-04-19;2645;7.756;Guy Ritchie's The Covenant
868759;[28, 35, 10749];2023-04-18;1854;6.933;Ghosted
948713;[28, 12, 10752];2023-04-14;701;7.2;The Last Kingdom: Seven Kings Must Die
798286;[35, 12, 14];2023-04-14;1058;6.745;Beau Is Afraid
1085218;[53, 28];2023-04-13;498;6.5;Darkland: The Return
713704;[27, 53];2023-04-12;3183;6.9;Evil Dead Rise
931102;[28, 35, 18];2023-04-07;356;7.3;Ride On
649609;[35, 27, 28];2023-04-07;1770;6.504;Renfield
605886;[53, 80, 18];2023-04-06;1088;6.9;To Catch a Killer
964980;[18, 36];2023-04-05;1976;7.333;Air
796185;[12, 28, 18, 36];2023-04-05;1234;6.959;The Three Musketeers: D'Artagnan
758323;[27, 53];2023-04-05;2792;7.0;The Pope's Exorcist
502356;[16, 10751, 12, 14, 35];2023-04-05;9424;7.6;The Super Mario Bros. Movie
1071806;[18];2023-04-04;416;7.3;Hunger
1016121;[10749, 18, 35];2023-04-04;801;6.7;Beautiful Disaster
1000492;[18];2023-03-29;584;7.996;All Your Faces
555285;[35, 18];2023-03-29;388;7.3;Are You There God? It's Me, Margaret.
638974;[9648, 35, 80];2023-03-28;1721;6.428;Murder Mystery 2
943930;[27, 53, 9648];2023-03-24;402;5.999;Tin & Tina
800787;[18, 35];2023-03-23;357;7.1;A Good Person
493529;[12, 14, 35];2023-03-23;3786;7.342;Dungeons & Dragons: Honor Among Thieves
603692;[28, 53, 80];2023-03-22;6825;7.7;John Wick: Chapter 4
881164;[80, 9648, 53];2023-03-16;708;6.646;Boston Strangler
726759;[53, 36, 18];2023-03-15;1368;7.704;Tetris
594767;[35, 28, 14];2023-03-15;3207;6.499;Shazam! Fury of the Gods
626332;[18, 36];2023-03-11;686;7.961;Flamin' Hot
978870;[53, 80];2023-03-09;478;7.2;Last Night of Amore
958196;[53, 18];2023-03-09;389;5.611;Inside
933419;[35, 18];2023-03-09;400;6.7;Champions
934433;[27, 80, 53];2023-03-08;2706;7.0;Scream VI
921785;[35, 36, 10402];2023-03-02;443;7.4;Mixed by Erry
700391;[28, 12, 878];2023-03-02;2471;6.0;65
459003;[16, 12, 10751, 14];2023-03-02;771;7.223;Mavka: The Forest Song
677179;[18, 28];2023-03-01;2574;7.114;Creed III
977506;[80, 35, 9648, 18];2023-02-24;402;6.4;The Crime Is Mine
852096;[35, 14, 27];2023-02-24;604;6.482;We Have a Ghost
722149;[80, 9648, 53];2023-02-24;949;6.677;Luther: The Fallen Sun
1077280;[35, 28, 53];2023-02-22;456;5.953;Die Hart
804150;[53, 35, 80];2023-02-22;2114;6.0;Cocaine Bear
1091834;[99];2023-02-19;353;6.8;Return
1063422;[53];2023-02-17;368;5.402;The Strays
849869;[28, 18, 53, 80];2023-02-17;436;6.8;Kill Boksoon
844417;[80];2023-02-15;374;5.734;Marlowe
640146;[28, 12, 878];2023-02-15;5120;6.305;Ant-Man and the Wasp: Quantumania
1016084;[35];2023-02-13;604;7.137;BlackBerry
717980;[53, 80, 18];2023-02-10;542;6.9;Sharper
703451;[10749, 35];2023-02-10;781;6.268;Your Place or Mine
906221;[35, 18, 10749];2023-02-09;511;6.512;Magic Mike's Last Dance
967585;[35, 10751];2023-02-08;419;6.6;Alibi.com 2
643215;[10751, 35, 12];2023-02-01;1005;4.872;Asterix & Obelix: The Middle Kingdom
631842;[27, 9648, 53];2023-02-01;2719;6.276;Knock at the Cabin
667216;[27, 878];2023-01-27;807;6.072;Infinity Pool
980078;[27, 53];2023-01-26;1403;5.0;Winnie the Pooh: Blood and Honey
842675;[878];2023-01-22;588;7.263;The Wandering Earth II
866413;[10749, 35];2023-01-20;711;5.643;You People
768362;[18, 9648, 53];2023-01-19;1066;7.4;Missing
877703;[28, 14, 10770];2023-01-18;856;7.5;Teen Wolf: The Movie
296271;[27, 14, 878, 53];2023-01-13;389;6.504;The Devil Conspiracy
843794;[878];2023-01-12;609;6.1;JUNG_E
646389;[28, 12, 53];2023-01-12;2291;6.936;Plane
816904;[16, 12, 14];2023-01-05;463;6.976;Mummies
739405;[28, 53, 35, 12];2023-01-04;1597;6.49;Operation Fortune: Ruse de Guerre
937278;[35, 18];2022-12-28;2913;7.769;A Man Called Otto
758009;[28, 35, 10749];2022-12-28;1187;6.3;Shotgun Wedding
536554;[878, 27];2022-12-28;4123;7.057;M3GAN
995133;[16, 10751, 12, 14];2022-12-25;602;8.2;The Boy, the Mole, the Fox and the Horse
777245;[18];2022-12-23;597;6.9;Women Talking
667739;[28, 12, 35];2022-12-23;392;6.445;The Man from Toronto
800815;[53, 80, 27, 9648];2022-12-22;1874;6.8;The Pale Blue Eye
615777;[18, 35];2022-12-22;3215;7.4;Babylon
803700;[18];2022-12-21;715;7.6;The Eight Mountains
696157;[10402, 36, 18];2022-12-20;463;7.0;Whitney Houston: I Wanna Dance with Somebody
76600;[878, 12, 28];2022-12-14;12229;7.611;Avatar: The Way of Water
814757;[18, 10749];2022-12-09;554;6.663;Empire of Light
785084;[18];2022-12-09;4014;7.8;The Whale
315162;[16, 12, 14, 35, 10751];2022-12-07;7994;8.2;Puss in Boots: The Last Wish
783675;[16, 35, 18];2022-12-03;415;7.789;The First Slam Dunk
715931;[18, 10752, 36];2022-12-02;1140;7.785;Emancipation
899112;[35, 28, 53, 14];2022-11-30;2246;7.275;Violent Night
873126;[28, 80, 12, 53];2022-11-30;594;6.638;My Name Is Vendetta
872709;[35, 14, 27, 878];2022-11-30;350;6.1;Smoking Causes Coughing
829280;[12, 9648, 80];2022-11-30;1464;7.36;Enola Holmes 2
736526;[14, 28, 12];2022-11-30;1726;6.6;Troll
876792;[16, 14, 12];2022-11-25;403;7.378;That Time I Got Reincarnated as a Slime the Movie: Scarlet Bond
744594;[35, 18];2022-11-25;696;5.563;White Noise
668482;[10751, 35, 14];2022-11-25;737;6.8;Roald Dahl's Matilda the Musical
821881;[18, 36];2022-11-24;567;7.427;The Swimmers
774752;[35, 878, 12];2022-11-24;2066;7.13;The Guardians of the Galaxy Holiday Special
736918;[10749, 35, 18];2022-11-24;369;6.255;The Noel Diary
877269;[16, 10751, 12, 878, 14];2022-11-23;1276;6.324;Strange World
661374;[35, 80, 9648];2022-11-23;5694;7.048;Glass Onion: A Knives Out Mystery
653851;[10752, 18, 28];2022-11-23;718;7.123;Devotion
814338;[18, 10749];2022-11-22;433;6.648;Lady Chatterley's Lover
1001865;[16, 10751, 14];2022-11-18;441;6.8;Scrooge: A Christmas Carol
952701;[18];2022-11-18;362;6.2;Return to Seoul
791177;[18, 27, 10749];2022-11-18;1385;7.1;Bones and All
668461;[10751, 14, 35];2022-11-18;846;7.314;Slumberland
338958;[35, 10751, 14];2022-11-18;1094;6.7;Disenchanted
837881;[18, 36];2022-11-17;606;7.23;She Said
823999;[80, 28];2022-11-17;464;5.989;Diabolik - Ginko Attacks
593643;[35, 27, 53];2022-11-17;5092;7.179;The Menu
457232;[18, 36];2022-11-17;608;6.4;Lamborghini: The Man Behind the Legend
1013860;[14, 28, 35];2022-11-15;599;6.3;R.I.P.D. 2: Rise of the Damned
916224;[16, 18, 12, 14];2022-11-11;1384;7.947;Suzume
804095;[18];2022-11-11;2386;7.605;The Fabelmans
948276;[28, 80, 53];2022-11-10;371;6.5;Lost Bullet 2
833097;[10749, 35, 10751];2022-11-10;808;6.231;Falling for Christmas
806368;[18];2022-11-10;467;6.7;The Son
632856;[35];2022-11-10;642;6.9;Spirited
555604;[16, 14, 18];2022-11-09;2973;8.1;Guillermo del Toro's Pinocchio
505642;[28, 12, 878];2022-11-09;6654;7.1;Black Panther: Wakanda Forever
1022256;[99, 10402];2022-11-04;444;8.83;Selena Gomez: My Mind & Me
760099;[18];2022-11-04;422;7.0;Living
823766;[18, 9648];2022-11-02;835;6.6;The Wonder
901563;[18];2022-11-01;811;7.806;Close
892515;[35, 80, 18, 10749];2022-11-01;426;6.8;Masquerade
979924;[53, 18];2022-10-31;504;6.1;On the Line
615952;[18];2022-10-28;427;6.5;Armageddon Time
595586;[18];2022-10-28;458;6.519;Causeway
676547;[27, 53];2022-10-23;928;6.9;Prey for the Devil
965150;[18];2022-10-21;1470;7.7;Aftersun
843847;[35, 18];2022-10-20;361;7.4;Jerry & Marge Go Large
744114;[18, 10749];2022-10-20;695;7.657;My Policeman
674324;[18, 35];2022-10-20;2830;7.451;The Banshees of Inisherin
779782;[14, 35, 12, 18];2022-10-19;1261;7.0;The School for Good and Evil
541134;[18, 80, 9648];2022-10-19;1257;6.886;The Good Nurse
436270;[28, 12, 878];2022-10-19;6417;6.885;Black Adam
1040330;[99];2022-10-15;411;7.0;Black Adam: Saviour or Destroyer?
864959;[12, 35, 27, 10751];2022-10-14;463;6.53;The Curse of Bridge Hollow
616820;[27, 53];2022-10-12;1804;6.1;Halloween Ends
1024530;[27];2022-10-10;381;5.123;Grimcutty
848058;[27, 53, 18];2022-10-07;610;6.6;Piggy
830784;[35, 10751, 10402];2022-10-07;585;6.972;Lyle, Lyle, Crocodile
49046;[10752, 36, 18];2022-10-07;4021;7.722;All Quiet on the Western Front
890980;[18, 9648, 53];2022-10-06;687;7.329;God's Crooked Lines
851644;[10749, 18];2022-10-06;712;8.2;20th Century Girl
663712;[27, 53];2022-10-06;2175;6.7;Terrifier 2
823951;[80, 18, 53];2022-10-05;750;7.079;November
723419;[18, 27, 9648];2022-10-05;843;6.4;Mr. Harrigan's Phone
799546;[18, 53, 9648];2022-09-30;842;6.5;Luckiest Girl Alive
614939;[35, 10749];2022-09-30;509;6.7;Bros
714888;[18, 36, 80];2022-09-29;638;7.9;Argentina 1985
1027014;[16, 10749, 10402];2022-09-28;380;7.7;Entergalactic
338947;[27, 9648];2022-09-28;851;6.2;Hellraiser
664469;[9648, 35, 18];2022-09-27;1548;6.062;Amsterdam
642885;[14, 35, 10751];2022-09-27;1691;7.2;Hocus Pocus 2
894205;[28, 14, 27];2022-09-25;1311;7.0;Werewolf by Night
882598;[27, 9648];2022-09-23;3441;6.7;Smile
817758;[10402, 18];2022-09-23;1287;7.1;TÁR
597922;[18, 35, 10752];2022-09-23;759;7.6;The Greatest Beer Run Ever
429473;[28, 53];2022-09-23;670;6.5;Lou
846433;[28, 80, 18];2022-09-22;396;7.015;The Enforcer
799379;[28, 53, 27, 80];2022-09-21;370;6.4;Project Wolf Hunting
619730;[9648, 53];2022-09-21;2554;6.803;Don't Worry Darling
497828;[35, 18];2022-09-18;2283;7.1;Triangle of Sadness
949423;[27];2022-09-16;2075;7.235;Pearl
814800;[27, 53, 9648];2022-09-16;471;6.3;Goodnight Mommy
724495;[28, 18, 36];2022-09-16;2119;7.7;The Woman King
301502;[18];2022-09-16;1374;5.967;Blonde
717728;[27, 53, 9648];2022-09-15;997;5.4;Jeepers Creepers: Reborn
762968;[35, 53, 10749];2022-09-14;881;6.401;Do Revenge
852046;[28, 12, 53, 18];2022-09-09;739;6.6;Athena
840326;[28, 10752, 12];2022-09-09;2235;7.427;Sisu
766475;[9648, 35, 80];2022-09-09;1120;6.4;See How They Run
928344;[10402, 35, 80];2022-09-08;449;6.704;Weird: The Al Yankovic Story
913290;[27, 9648];2022-09-08;2578;6.819;Barbarian
828613;[10749, 35];2022-09-08;441;7.5;About Fate
800939;[18, 35, 10749];2022-09-08;1250;6.5;Ticket to Paradise
551271;[28, 18, 36];2022-09-08;483;7.0;Medieval
1015606;[99];2022-09-07;987;6.8;Obi-Wan Kenobi: A Jedi's Return
532639;[14, 12, 10751];2022-09-07;1607;6.335;Pinocchio
934756;[10749, 35];2022-09-01;359;6.0;Love in the Villa
862551;[35];2022-08-26;914;5.9;Me Time
629176;[878, 80, 28];2022-08-25;2015;6.7;Samaritan
830788;[27, 53];2022-08-24;842;6.1;The Invitation
744276;[10749, 18];2022-08-24;1250;6.826;After Ever Happy
556694;[18, 14, 10749];2022-08-24;1379;6.895;Three Thousand Years of Longing
852448;[80, 53];2022-08-19;707;6.265;I Came By
829560;[10749, 18];2022-08-18;1163;6.392;The Next 365 Days
976720;[878, 18, 12, 14];2022-08-17;591;6.361;Vesper
805327;[10749, 18, 35];2022-08-16;661;6.9;Look Both Ways
862965;[80, 18, 53];2022-08-12;852;6.7;Emily the Criminal
791155;[28, 12, 35, 878, 10751];2022-08-12;366;6.5;Secret Headquarters
755566;[28, 14, 27, 35, 53];2022-08-12;1984;6.8;Day Shift
985939;[53];2022-08-11;4010;7.148;Fall
760741;[53, 28, 27, 12];2022-08-11;1569;6.6;Beast
900667;[16, 12, 28, 14, 10402];2022-08-06;1035;7.2;One Piece Film Red
800345;[28, 53, 80];2022-08-05;377;6.0;Carter
585511;[16, 12, 35, 14];2022-08-05;1751;7.784;Luck
520023;[27, 35, 9648, 53];2022-08-05;1218;6.2;Bodies Bodies Bodies
518896;[18, 28, 878];2022-08-05;421;7.0;Warriors of Future
718930;[28, 35, 53];2022-08-03;6401;7.447;Bullet Train
626872;[28, 18, 53];2022-08-03;366;7.5;Emergency Declaration
766507;[53, 28, 878];2022-08-02;6841;7.703;Prey
838330;[35, 18];2022-07-29;460;6.318;Not Okay
762975;[10749, 18];2022-07-29;2603;8.105;Purple Hearts
683340;[35, 9648, 53];2022-07-29;385;6.6;Vengeance
760161;[27, 53];2022-07-27;2138;6.6;Orphan: First Kill
539681;[16, 28, 10751, 35, 878];2022-07-27;1583;7.21;DC League of Super-Pets
929170;[35];2022-07-23;383;7.5;Honor Society
848685;[53, 18];2022-07-20;747;7.533;The Beasts
762504;[27, 9648, 878];2022-07-20;4227;6.8;Nope
601796;[878, 28, 14, 12];2022-07-20;452;6.8;Alienoid
698948;[18, 53];2022-07-18;1286;7.9;Thirteen Lives
754609;[18, 35, 36];2022-07-15;438;7.285;Mrs. Harris Goes to Paris
682507;[18, 9648, 10749];2022-07-14;1866;7.6;Where the Crawdads Sing
938008;[28, 80, 53];2022-07-13;375;7.7;The Killer
925102;[80, 9648, 18];2022-07-13;644;6.9;The Night of the 12th
889699;[80, 18, 53];2022-07-13;415;7.3;Holy Spider
725201;[28, 53];2022-07-13;3729;7.0;The Gray Man
809107;[14, 35, 10751, 10770];2022-07-09;395;7.4;Z-O-M-B-I-E-S 3
616037;[14, 28, 35];2022-07-06;7734;6.427;Thor: Love and Thunder
820912;[10749, 18, 35];2022-07-01;590;6.0;Persuasion
705996;[53, 9648, 10749];2022-06-29;1237;7.341;Decision to Leave
438148;[16, 35, 10751, 12];2022-06-29;3665;7.3;Minions: The Rise of Gru
869626;[16, 35, 18, 10751];2022-06-24;581;7.7;Marcel the Shell with Shoes On
560057;[16, 12, 28, 10751, 14];2022-06-24;1492;7.352;The Sea Beast
614934;[18, 10402, 36];2022-06-22;3475;7.51;Elvis
756999;[27, 53];2022-06-17;5017;7.583;The Black Phone
615469;[878, 53];2022-06-17;1555;5.793;Spiderhead
759175;[28, 14];2022-06-16;796;6.796;The Princess
758330;[10749, 18];2022-06-16;536;6.962;Good Luck to You, Leo Grande
735697;[35, 18, 14, 9648];2022-06-15;379;6.0;Incredible But True
718789;[16, 878, 10751, 12];2022-06-15;3478;6.9;Lightyear
610150;[16, 878, 28];2022-06-11;2858;7.897;Dragon Ball Super: Super Hero
736732;[18, 35, 80];2022-06-08;466;7.161;Broker
807356;[27, 9648, 53];2022-06-03;974;6.484;Watcher
705861;[18, 35];2022-06-03;2559;7.748;Hustle
507086;[12, 28, 878];2022-06-01;6222;6.681;Jurassic World Dominion
831946;[28, 53, 12];2022-05-26;744;6.1;Interceptor
819876;[878, 27];2022-05-25;1108;6.1;Crimes of the Future
361743;[28, 18];2022-05-21;9547;8.189;Top Gun: Maverick
820067;[16, 35, 10749];2022-05-20;400;8.4;The Quintessential Quintuplets Movie
780609;[27, 53, 14];2022-05-20;1133;6.1;Men
420821;[16, 10751, 35, 12, 9648];2022-05-20;1236;6.997;Chip 'n Dale: Rescue Rangers
934761;[35, 10749];2022-05-19;550;6.9;A Perfect Pairing
852438;[27, 35];2022-05-18;410;6.8;Final Cut
961484;[28, 53];2022-05-12;968;6.4;Last Seen Alive
916405;[18];2022-05-12;427;7.491;The Quiet Girl
532710;[27, 878];2022-05-12;710;5.6;Firestarter
810171;[35, 10749];2022-05-11;568;7.511;The Valet
800937;[35];2022-05-11;842;5.933;Senior Year
785985;[35, 28];2022-05-06;478;6.0;The Takedown
453395;[14, 28, 12];2022-05-04;9337;7.3;Doctor Strange in the Multiverse of Madness
966220;[10752, 28, 18];2022-05-03;774;7.652;Sniper: The White Raven
860159;[35, 10749];2022-04-29;429;7.4;Crush
818397;[28, 53, 80];2022-04-28;1521;6.8;Memory
820446;[18, 10749, 36, 9648];2022-04-27;497;7.192;Downton Abbey: A New Era
829557;[10749, 18];2022-04-26;1638;5.912;365 Days: This Day
648579;[28, 35, 80];2022-04-20;2065;6.789;The Unbearable Weight of Massive Talent
838484;[27, 53, 878];2022-04-15;796;5.3;Choose or Die
809140;[18];2022-04-13;629;7.1;Father Stu
739993;[35, 18, 10402];2022-04-08;661;6.9;Metal Lords
294793;[53, 28];2022-04-08;547;6.0;All the Old Knives
950445;[99];2022-04-07;650;6.5;Return to Space
639933;[28, 12, 14];2022-04-07;4416;7.0;The Northman
338953;[14, 12];2022-04-06;4586;6.646;Fantastic Beasts: The Secrets of Dumbledore
661231;[10752, 36, 18];2022-04-01;702;6.501;Operation Mincemeat
771077;[35, 18];2022-03-30;416;7.4;Rise
675353;[28, 12, 10751, 35];2022-03-30;5314;7.5;Sonic the Hedgehog 2
526896;[28, 878, 14];2022-03-30;4368;6.0;Morbius
765119;[35];2022-03-25;461;4.614;The Bubble
758724;[27, 9648];2022-03-25;462;6.5;The Cellar
752623;[28, 12, 35];2022-03-24;3637;6.5;The Lost City
629015;[53, 27, 18];2022-03-24;364;6.823;Shut In
579974;[28, 12, 18];2022-03-24;1344;7.7;RRR
545611;[28, 12, 878];2022-03-24;6762;7.8;Everything Everywhere All at Once
864370;[27];2022-03-18;683;6.8;Incantation
760868;[28, 53];2022-03-18;832;6.3;Black Crab
619979;[18, 9648, 53];2022-03-18;1421;5.8;Deep Water
833339;[27, 53, 18];2022-03-17;884;6.615;Speak No Evil
760104;[27, 9648, 53];2022-03-17;3392;6.747;X
654895;[35, 10749];2022-03-17;360;6.79;Run to You
629542;[10751, 16, 12, 35, 80];2022-03-17;2105;7.5;The Bad Guys
763285;[53, 28, 80, 18];2022-03-16;2175;6.6;Ambulance
850018;[53, 80, 18];2022-03-11;418;5.4;Windfall
836225;[27, 80, 18, 14];2022-03-11;1084;7.099;The Exorcism of God
696806;[12, 878];2022-03-11;4419;7.03;The Adam Project
628900;[28, 53];2022-03-10;917;6.4;The Contractor
508947;[16, 10751, 35, 14];2022-03-10;5317;7.353;Turning Red
884971;[53, 18];2022-03-09;362;6.8;Goliath
585378;[878, 18];2022-03-04;420;6.401;After Yang
517302;[27, 14, 18];2022-03-04;430;6.258;Hatching
840882;[53, 9648];2022-03-03;706;6.032;The Weekend Away
787752;[27, 53];2022-03-03;1628;6.987;Fresh
833326;[18, 35];2022-03-02;409;6.4;Zero Fucks Given
414906;[80, 9648, 53];2022-03-01;10623;7.7;The Batman
928381;[28, 53, 80];2022-02-25;380;6.082;Restless
799876;[80, 18, 53, 9648];2022-02-25;1140;7.1;The Outfit
833425;[53, 9648];2022-02-24;1166;6.9;No Exit
801071;[27];2022-02-24;358;6.261;The Jack in the Box: Awakening
924482;[53, 12];2022-02-18;357;6.6;The Ledge
632727;[27, 80, 53];2022-02-18;1471;5.2;Texas Chainsaw Massacre
626735;[18, 35];2022-02-17;1585;7.298;Dog
912598;[16, 12, 878, 14];2022-02-14;422;7.336;Bubble
818750;[10749, 878, 18];2022-02-11;733;7.362;The In Between
772272;[35, 10749, 18];2022-02-11;372;5.755;Tall Girl 2
665828;[878, 35];2022-02-11;413;5.287;Bigbug
836009;[18, 12, 36];2022-02-10;544;6.756;Against the Ice
823625;[28, 53, 18, 12];2022-02-10;1140;6.2;Blacklight
800510;[53, 9648, 80];2022-02-10;882;6.22;Kimi
335787;[28, 12];2022-02-10;6085;6.9;Uncharted
615904;[10749, 35, 10402];2022-02-09;1018;6.7;Marry Me
505026;[9648, 80, 53];2022-02-09;3747;6.4;Death on the Nile
818647;[10749, 18, 35];2022-02-04;3183;7.4;Through My Window
406759;[878, 12, 28];2022-02-03;3177;6.3;Moonfall
923632;[99, 80];2022-02-02;988;6.984;The Tinder Swindler
746333;[35, 28, 10751];2022-02-02;499;6.4;Superwho?
656663;[35, 99];2022-02-01;795;6.809;Jackass Forever
585083;[16, 35, 10751, 12, 14];2022-01-31;2811;7.074;Hotel Transylvania: Transformania
817648;[10751, 35, 18];2022-01-28;742;6.7;Home Team
774825;[16, 35, 10751, 12];2022-01-28;1710;6.6;The Ice Age Adventures of Buck Wild
689700;[80, 28, 18];2022-01-28;377;6.3;Clean
661791;[18, 27];2022-01-28;450;5.857;La Abuela (The Grandmother)
892153;[16, 35, 10751, 37];2022-01-24;442;6.9;Tom and Jerry Cowboy Up!
698508;[10749, 18, 37];2022-01-21;581;7.847;Redeeming Love
245842;[14, 12, 10751];2022-01-21;680;7.0;The King's Daughter
790142;[10749, 35];2022-01-20;769;6.655;The Royal Treatment
926899;[16, 18, 35, 27, 14];2022-01-14;1038;7.0;The House
916740;[53, 9648, 18];2022-01-13;370;4.795;Brazen
760926;[28, 12, 53];2022-01-13;591;6.187;Gold
646385;[27, 9648];2022-01-12;3376;6.667;Scream
575322;[878, 27];2022-01-06;457;5.8;Project Gemini
522016;[28, 12, 53];2022-01-05;1026;6.051;The 355
899082;[99];2022-01-01;3357;7.314;Harry Potter 20th Anniversary: Return to Hogwarts
760336;[18, 36];2021-12-31;575;6.9;Munich – The Edge of War
890541;[35, 9648, 80];2021-12-25;358;5.5;7 Women and a Murder
673309;[18, 10751];2021-12-25;360;7.113;American Underdog
810693;[16, 28, 14];2021-12-24;1443;8.1;Jujutsu Kaisen 0
476669;[28, 12, 53];2021-12-22;4602;6.8;The King's Man
714869;[10749, 35];2021-12-21;382;6.3;Serial (Bad) Weddings 3
765245;[18, 878];2021-12-17;517;7.2;Swan Song
739413;[878, 53];2021-12-17;763;5.8;Mother/Android
727293;[18];2021-12-17;546;6.6;The Tender Bar
874300;[16, 35, 10770];2021-12-16;417;7.372;South Park: Post COVID: The Return of COVID
624860;[878, 28, 12];2021-12-16;5843;6.389;The Matrix Resurrections
593395;[80, 28, 9648, 53];2021-12-16;586;6.025;Diabolik
754067;[12, 10751, 18];2021-12-15;497;7.1;Vicky and Her Mystery
634649;[28, 12, 878];2021-12-15;20466;7.95;Spider-Man: No Way Home
554230;[18];2021-12-15;984;6.5;The Lost Daughter
899405;[18, 10749];2021-12-10;361;7.6;Anonymously Yours
763329;[18, 35];2021-12-10;500;6.8;Red Rocket
517088;[18, 36];2021-12-10;636;6.5;Being the Ricardos
603661;[18, 35, 10749];2021-12-09;1065;7.327;The Hating Game
646380;[35, 878, 18];2021-12-08;8397;7.077;Don't Look Up
511809;[18, 10749, 80];2021-12-08;1578;6.983;West Side Story
591538;[18, 10752];2021-12-05;764;6.9;The Tragedy of Macbeth
770254;[10751, 16, 12, 35];2021-12-03;730;7.709;Back to the Outback
728526;[878, 9648, 53, 18];2021-12-03;430;6.3;Encounter
664574;[35, 878, 27];2021-12-03;504;5.964;Silent Night
810873;[10749, 35];2021-12-02;394;6.434;Single All the Way
774741;[16, 35, 10751];2021-12-02;353;6.2;Diary of a Wimpy Kid
597208;[80, 18, 53];2021-12-02;2964;7.0;Nightmare Alley
762079;[27, 53, 18];2021-12-01;362;6.649;The Advent Calendar
438695;[16, 10751, 10402, 35];2021-12-01;4440;7.856;Sing 2
920081;[28, 27, 878];2021-11-26;463;6.3;Megaboa
718032;[18, 35, 10749];2021-11-26;2281;6.969;Licorice Pizza
831827;[16, 10751];2021-11-24;375;8.1;Far from the Tree
802217;[10751, 35, 14];2021-11-24;426;6.39;8-Bit Christmas
722778;[18];2021-11-24;1658;7.546;The Hand of God
645886;[18, 80];2021-11-24;1839;7.43;The Unforgivable
644495;[36, 18, 80];2021-11-24;3146;6.6;House of Gucci
615666;[10751, 12, 14];2021-11-24;748;7.336;A Boy Called Christmas
460458;[28, 27, 878];2021-11-24;2473;6.0;Resident Evil: Welcome to Raccoon City
632617;[18];2021-11-19;681;7.2;C'mon C'mon
785533;[10749, 35];2021-11-18;427;6.808;The Princess Switch 3: Romancing the Star
614917;[18, 36];2021-11-18;2532;7.646;King Richard
425909;[14, 35, 12, 878];2021-11-18;4697;7.36;Ghostbusters: Afterlife
877183;[16, 35, 14];2021-11-12;414;6.5;The Simpsons in Plusaversary
777270;[18, 36];2021-11-12;1507;7.076;Belfast
763164;[28, 53, 878];2021-11-12;574;5.2;Apex
876716;[16, 35, 10751, 14];2021-11-11;665;7.408;Ciao Alberto
654974;[10751, 35, 80];2021-11-11;636;4.892;Home Sweet Home Alone
537116;[18, 10402];2021-11-11;2082;7.6;tick, tick... BOOM!
585245;[10751, 12, 35, 14, 16];2021-11-10;1732;7.2;Clifford the Big Red Dog
811592;[28, 53];2021-11-05;866;6.7;One Shot
763788;[28, 53];2021-11-05;468;6.0;Dangerous
734265;[35, 10749];2021-11-05;1504;6.946;Love Hard
793998;[18];2021-11-04;425;7.2;Happening
716612;[18, 36];2021-11-04;1658;6.8;Spencer
522402;[878, 18, 12];2021-11-04;3581;7.858;Finch
512195;[28, 35, 80];2021-11-04;5881;6.765;Red Notice
524434;[878, 28, 12];2021-11-03;8389;6.838;Eternals
796499;[28, 80, 35];2021-10-29;2071;6.8;Army of Thieves
609972;[27, 9648];2021-10-29;678;6.1;Paranormal Activity: Next of Kin
588182;[18];2021-10-29;385;7.0;Compartment No. 6
650031;[10752, 18, 36];2021-10-28;494;7.829;The Shadow in My Eye
571468;[12, 14, 18];2021-10-28;902;7.287;Freaks Out
516329;[18, 27, 9648];2021-10-28;1110;6.2;Antlers
864873;[53, 18, 27];2021-10-27;618;6.03;Hypnotic
600583;[18, 37];2021-10-25;2696;6.8;The Power of the Dog
618162;[37];2021-10-22;1068;6.6;The Harder They Fall
617762;[18, 36, 35, 10749];2021-10-21;453;6.9;The Electrical Life of Louis Wain
576845;[27, 9648, 53];2021-10-21;3465;7.302;Last Night in Soho
542178;[18, 35];2021-10-21;2632;7.0;The French Dispatch
785516;[35];2021-10-20;405;5.9;Stuck Together
669671;[27, 53, 28];2021-10-20;779;6.4;Night Teeth
660000;[18, 10749, 36];2021-10-20;495;7.4;Lost Illusions
747688;[18];2021-10-18;402;6.296;Yara
820722;[35, 18];2021-10-15;415;7.0;The Good Boss
610253;[27, 53];2021-10-14;2706;6.4;Halloween Kills
482321;[16, 878, 10751, 35];2021-10-14;1876;7.9;Ron's Gone Wrong
780382;[10751, 12, 18];2021-10-13;445;7.5;The Wolf and the Lion
660120;[18, 10749, 35];2021-10-13;1425;7.5;The Worst Person in the World
617653;[36, 18, 28];2021-10-13;3421;7.43;The Last Duel
568124;[16, 35, 10751, 14];2021-10-13;9586;7.6;Encanto
831405;[16, 878, 14, 28];2021-10-09;781;7.364;Injustice
766798;[18];2021-10-08;941;6.8;Parallel Mothers
592695;[18];2021-10-08;588;6.197;Pleasure
747687;[18];2021-10-07;418;6.2;The Catholic School
655082;[10749, 18];2021-10-07;667;6.26;Eiffel
785663;[37, 28, 18];2021-10-01;579;7.3;Old Henry
639721;[16, 10751, 35, 14, 12];2021-10-01;1310;6.975;The Addams Family 2
580489;[878, 28, 12];2021-09-30;10466;6.8;Venom: Let There Be Carnage
740925;[27, 9648, 53];2021-09-29;647;5.86;No One Gets Out Alive
370172;[28, 53, 12];2021-09-29;6384;7.37;No Time to Die
753453;[27, 53];2021-09-26;471;6.1;V/H/S/94
567748;[18, 53];2021-09-24;2721;6.425;The Guilty
512025;[27, 9648];2021-09-24;679;5.4;There's Someone Inside Your House
750253;[53, 80, 18];2021-09-23;465;6.2;My Son
785752;[18, 9648, 53];2021-09-22;678;5.96;Intrusion
712454;[16, 12, 9648];2021-09-22;350;7.8;The Summit of the Gods
524369;[80, 18];2021-09-22;675;6.3;The Many Saints of Newark
846867;[16, 14, 27, 878, 10752];2021-09-17;424;6.9;Mad God
601470;[18, 36];2021-09-17;610;6.501;The Eyes of Tammy Faye
749274;[18, 37];2021-09-16;1029;5.946;Cry Macho
855823;[99];2021-09-15;392;7.3;Schumacher
739990;[14, 10751, 27];2021-09-15;380;6.12;Nightbooks
671043;[35];2021-09-15;552;6.0;Spoiled Brats
438631;[878, 12];2021-09-15;13139;7.785;Dune
843906;[16, 35, 9648, 10751, 14, 12, 27];2021-09-14;386;7.7;Straight Outta Nowhere: Scooby-Doo! Meets Courage the Cowardly Dog
764835;[53];2021-09-12;441;6.0;The Desperate Hour
853588;[53];2021-09-10;353;4.697;Prey
730769;[35, 27];2021-09-10;439;6.47;Some Like It Rare
597891;[28, 53];2021-09-10;1531;6.7;Kate
763148;[10749, 18];2021-09-09;677;6.466;Time Is Up
738652;[53, 80, 28];2021-09-09;788;6.265;Copshop
581726;[878, 28, 12, 53];2021-09-09;1878;6.6;Infinite
663260;[9648, 53, 18];2021-09-08;1255;7.3;Black Box
668640;[35, 18];2021-09-04;379;6.7;Official Competition
660942;[27, 18, 14];2021-09-03;614;6.915;The Innocents
643532;[18, 53, 80];2021-09-03;973;6.1;The Card Counter
593910;[14, 10749, 35];2021-09-03;1407;6.37;Cinderella
588228;[28, 878, 12];2021-09-03;3561;7.5;The Tomorrow War
785457;[14, 35, 18];2021-09-02;462;6.718;Afterlife of the Party
744275;[10749, 18];2021-09-01;2614;7.044;After We Fell
619778;[27, 9648];2021-09-01;2359;6.771;Malignant
566525;[28, 12, 14];2021-09-01;9537;7.5;Shang-Chi and the Legend of the Ten Rings
523638;[28, 14, 27, 53];2021-08-31;585;5.0;Prisoners of the Ghostland
841755;[16, 28, 14];2021-08-30;441;7.594;Mortal Kombat Legends: Battle of the Realms
653349;[35];2021-08-27;784;7.1;Vacation Friends
347626;[35, 10749];2021-08-27;1385;6.5;He's All That
628914;[35, 80];2021-08-26;442;6.5;Queenpins
645710;[53];2021-08-25;971;6.578;The Voyeurs
565028;[27, 9648, 53];2021-08-25;1583;6.021;Candyman
666243;[16, 28, 14];2021-08-22;970;7.495;The Witcher: Nightmare of the Wolf
645788;[28, 12, 53];2021-08-19;1010;6.557;The Protégé
758866;[18];2021-08-18;1287;7.4;Drive My Car
637534;[53, 28, 80];2021-08-18;1297;7.41;The Stronghold
619297;[28, 53, 18];2021-08-18;1205;6.619;Sweet Girl
579047;[9648, 878];2021-08-18;1789;6.593;Reminiscence
776503;[18, 10402, 10749];2021-08-13;2285;7.94;CODA
788929;[18, 14, 27];2021-08-12;888;6.469;Lamb
592863;[18, 10402, 36];2021-08-12;425;6.8;Respect
573164;[16, 35, 12, 10751];2021-08-12;410;7.9;An Egg Rescue
482373;[53, 27];2021-08-12;2595;7.049;Don't Breathe 2
727745;[10749, 35];2021-08-11;1913;6.9;The Kissing Booth 3
595743;[18, 28, 53];2021-08-11;543;5.8;SAS: Red Notice
550988;[35, 12, 878];2021-08-11;8908;7.489;Free Guy
675445;[16, 10751, 12, 35];2021-08-09;1219;7.4;PAW Patrol: The Movie
768744;[16, 28, 12, 878];2021-08-06;563;7.6;My Hero Academia: World Heroes' Mission
763149;[27, 80, 18, 53];2021-08-04;619;6.2;Aftermath
604563;[35, 12, 28];2021-08-04;789;5.648;OSS 117: From Africa with Love
597433;[80, 9648, 53];2021-08-04;663;6.2;Beckett
763152;[35, 10749];2021-07-30;432;6.7;More the Merrier
760747;[35, 27];2021-07-30;562;6.7;The Trip
729720;[28, 35];2021-07-30;620;6.4;The Last Mercenary
449406;[16, 10751, 35];2021-07-30;707;7.3;Vivo
785539;[10749, 35];2021-07-29;412;7.198;Resort to Love
616651;[18, 80, 53];2021-07-29;1261;6.6;Stillwater
559907;[12, 18, 14];2021-07-29;1937;6.594;The Green Knight
451048;[14, 12];2021-07-28;5751;7.346;Jungle Cruise
436969;[28, 35, 12];2021-07-28;8753;7.5;The Suicide Squad
736074;[16, 9648, 28, 80];2021-07-26;523;7.417;Batman: The Long Halloween, Part Two
845222;[18, 14, 53];2021-07-23;551;7.078;Kingdom: Ashin of the North
760883;[27, 53, 28];2021-07-23;1566;6.851;Blood Red Sky
693113;[80, 9648, 53, 28];2021-07-23;425;5.9;Midnight in the Switchgrass
638449;[18, 10749];2021-07-23;604;7.393;The Last Letter from Your Lover
823754;[35, 18];2021-07-22;513;8.0;Bo Burnham: Inside
568620;[28, 12];2021-07-22;1574;6.49;Snake Eyes: G.I. Joe Origins
631843;[53, 9648, 27];2021-07-21;4497;6.333;Old
577242;[12, 14, 35];2021-07-21;688;6.637;Kaamelott: The First Chapter
776305;[16, 878, 18, 10402];2021-07-16;755;7.7;Belle
635731;[18, 53];2021-07-16;1458;6.7;Pig
678580;[35];2021-07-15;350;8.0;El mesero
617502;[28, 53];2021-07-15;1270;6.6;Jolt
547565;[18, 27, 9648, 53];2021-07-15;1151;6.6;The Night House
745881;[27, 53];2021-07-14;646;7.0;The Medium
630240;[18, 53, 27];2021-07-14;1478;6.363;Titane
591275;[9648, 27];2021-07-14;1732;7.112;Fear Street: 1666
574060;[28, 80, 53];2021-07-14;1028;6.3;Gunpowder Milkshake
454527;[36, 18, 10749];2021-07-09;1017;6.6;Benedetta
591274;[27, 9648];2021-07-08;1952;7.188;Fear Street: 1978
379686;[10751, 16, 35, 878];2021-07-08;4041;6.704;Space Jam: A New Legacy
846214;[16, 35, 10751];2021-07-07;667;7.232;The Good, the Bart, and the Loki
497698;[28, 12, 878];2021-07-07;10328;7.2;Black Widow
424277;[18, 10749];2021-07-07;689;6.721;Annette
807196;[18, 53];2021-07-05;559;7.223;Boiling Point
843241;[16, 14];2021-07-02;483;7.735;The Seven Deadly Sins: Cursed by Light
672741;[27, 53];2021-07-02;825;6.7;Till Death
768334;[27, 9648];2021-07-01;956;5.84;A Classic Horror Story
585216;[27, 53, 9648];2021-07-01;2055;6.5;Escape Room: Tournament of Champions
523936;[27, 878, 18, 53];2021-07-01;415;6.0;Meander
459151;[16, 35, 12, 10751];2021-07-01;2545;7.4;The Boss Baby: Family Business
672582;[27];2021-06-30;999;6.0;The Deep House
602223;[28, 27, 53];2021-06-30;2517;6.9;The Forever Purge
591273;[27, 9648];2021-06-28;2330;6.7;Fear Street: 1994
800497;[27, 35];2021-06-25;546;6.0;Werewolves Within
649409;[80, 18, 53, 9648];2021-06-24;701;6.4;No Sudden Move
646207;[28, 53];2021-06-24;1712;6.807;The Ice Road
559581;[878, 18, 53, 12];2021-06-24;533;5.96;Stowaway
736073;[16, 9648, 28, 80];2021-06-21;635;7.45;Batman: The Long Halloween, Part One
607259;[18, 35];2021-06-18;1421;7.5;Fatherhood
680813;[99, 16];2021-06-17;361;7.8;Flee
667257;[10751, 18];2021-06-17;393;8.4;Impossible Things
508943;[16, 35, 14, 12, 10751];2021-06-17;8430;7.8;Luca
522931;[28, 35, 80, 53];2021-06-14;2316;6.7;Hitman's Wife's Bodyguard
663866;[27, 9648];2021-06-11;387;5.829;Censor
467909;[18, 10749];2021-06-10;723;7.2;In the Heights
615658;[18, 878, 53];2021-06-09;1076;5.9;Awake
672322;[28, 12, 18, 10749];2021-06-04;460;7.676;Rurouni Kenshin: The Beginning
581644;[28, 53];2021-06-03;451;5.465;The Misfits
749004;[18, 14, 10751];2021-06-02;388;7.1;Petite Maman
691179;[99];2021-05-27;1222;7.867;Friends: The Reunion
694254;[18];2021-05-26;415;6.392;Baggio: The Divine Ponytail
337404;[35, 80, 10751, 12];2021-05-26;9448;7.998;Cruella
423108;[27, 9648, 53];2021-05-25;5973;7.4;The Conjuring: The Devil Made Me Do It
520763;[878, 53, 27];2021-05-21;6655;7.478;A Quiet Place Part II
637693;[16, 12, 10751];2021-05-20;522;7.287;Spirit Untamed
638965;[35, 14];2021-05-19;555;6.288;Mandibles
385128;[28, 12, 80];2021-05-19;7274;7.06;F9
726684;[16, 14, 28, 10770];2021-05-15;647;7.888;Miraculous World: Shanghai – The Legend of Ladydragon
503736;[28, 80, 27];2021-05-14;4056;6.2;Army of the Dead
520663;[80, 9648, 53];2021-05-13;1970;6.011;The Woman in the Window
602734;[27, 9648];2021-05-12;2054;5.9;Spiral: From the Book of Saw
471498;[878, 53, 27];2021-05-12;1418;6.621;Oxygen
534072;[27, 53];2021-05-07;380;5.2;Great White
578701;[53, 28];2021-05-05;1665;6.644;Those Who Wish Me Dead
811367;[10751, 35, 14, 16];2021-04-30;457;6.996;22 vs. Earth
808023;[53, 80, 28];2021-04-30;385;5.9;The Virtuoso
631060;[27];2021-04-29;969;5.718;Things Heard & Seen
567189;[28, 53, 10752];2021-04-29;2464;7.0;Tom Clancy's Without Remorse
736069;[16, 10752, 878];2021-04-27;559;7.427;Justice Society: World War II
602063;[28, 12, 36, 18];2021-04-23;483;7.7;Rurouni Kenshin: The Final
637649;[80, 28, 53];2021-04-22;5440;7.6;Wrath of Man
501929;[16, 12, 35];2021-04-22;2991;7.894;The Mitchells vs. the Machines
748853;[27, 878, 53];2021-04-16;361;5.7;In the Earth
589761;[18, 36, 12, 28, 14, 9648];2021-04-15;515;6.267;Chernobyl: Abyss
661930;[27, 18];2021-04-09;468;5.8;The Swarm
615678;[35, 28, 12, 878];2021-04-09;1243;5.489;Thunder Force
597890;[878, 53];2021-04-08;879;5.955;Voyagers
460465;[28, 14, 12];2021-04-07;5893;7.028;Mortal Kombat
813258;[16, 35, 14];2021-04-02;396;7.4;Monster Pets: A Hotel Transylvania Short
529106;[28, 12];2021-04-01;599;6.702;Major Grom: Plague Doctor
632357;[27, 9648];2021-03-31;2170;6.6;The Unholy
860623;[28, 53, 9648];2021-03-30;677;6.2;Last Man Down
699102;[18, 10402, 10749, 35];2021-03-26;389;6.9;A Week Away
664300;[35, 18];2021-03-26;642;7.2;Shiva Baby
578908;[35];2021-03-26;529;6.085;Bad Trip
522478;[10751, 12, 16];2021-03-25;810;7.088;Peter Rabbit 2: The Runaway
399566;[28, 878, 12];2021-03-24;10075;7.586;Godzilla vs. Kong
801058;[99, 80];2021-03-23;419;7.856;Seaspiracy
797394;[16, 35, 14];2021-03-18;371;7.0;Secret Magic Control Agency
791373;[28, 12, 14];2021-03-18;10112;8.1;Zack Snyder's Justice League
615457;[28, 53];2021-03-18;7204;7.935;Nobody
795514;[18];2021-03-17;1153;7.585;The Fallout
785534;[18];2021-03-12;382;8.0;Paper Lives
681887;[878, 28, 12];2021-03-12;549;4.0;Cosmic Sin
638597;[10751, 35];2021-03-11;1209;6.711;YES DAY
283566;[16, 28, 878, 18];2021-03-08;822;8.2;Evangelion: 3.0+1.0 Thrice Upon a Time
793723;[53, 28, 18];2021-03-05;594;5.9;Sentinelle
630004;[18, 28, 53];2021-03-04;963;6.8;The Vault
484718;[35];2021-03-04;2246;6.4;Coming 2 America
583689;[35, 18, 10402];2021-03-03;799;7.296;Moxie
527774;[16, 10751, 14, 28, 12];2021-03-03;6851;7.842;Raya and the Last Dragon
801335;[53, 80, 10770];2021-02-27;720;7.633;Girl in the Basement
778730;[35, 10749];2021-02-26;459;7.229;Crazy About Her
728118;[10752, 18, 36];2021-02-26;402;7.644;Quo Vadis, Aida?
580532;[53, 80, 18];2021-02-26;354;6.3;Crisis
544401;[18, 80];2021-02-26;1275;7.4;Cherry
412656;[14, 878, 12];2021-02-24;2316;6.593;Chaos Walking
601666;[80, 53, 18];2021-02-19;2714;6.6;I Care a Lot
513310;[28, 878, 53];2021-02-19;1651;6.867;Boss Level
672647;[14, 10749];2021-02-12;781;7.1;The Map of Tiny Perfect Things
644583;[18, 53];2021-02-12;1111;7.4;The Mauritanian
643586;[28, 27, 35, 53];2021-02-12;1007;6.0;Willy's Wonderland
615643;[18];2021-02-12;1625;7.3;Minari
614409;[10749, 35, 18];2021-02-12;1940;7.527;To All the Boys: Always and Forever
599281;[53, 27, 18];2021-02-12;529;6.9;Fear of Rain
598331;[16, 10751];2021-02-12;511;6.8;Rumble
583406;[18, 36];2021-02-12;1542;7.3;Judas and the Black Messiah
649087;[53, 27];2021-02-11;696;5.9;Red Dot
587807;[35, 10751, 16];2021-02-10;2459;6.8;Tom & Jerry
588921;[12, 16, 10751, 14];2021-02-09;438;7.0;AINBO: Spirit of the Amazon
663558;[16, 28, 14];2021-02-06;439;8.1;New Gods: Nezha Reborn
613911;[878, 10749, 18];2021-02-05;615;5.5;Bliss
581389;[18, 14, 878];2021-02-05;1039;7.1;Space Sweepers
722913;[18, 10749];2021-01-29;1390;7.025;Malcolm & Marie
644092;[12, 28, 35, 10751];2021-01-29;416;6.234;Finding ʻOhana
587996;[28, 80, 53];2021-01-29;912;6.376;Below Zero
581734;[18];2021-01-29;3023;7.195;Nomadland
602269;[18, 80, 53];2021-01-28;2536;6.337;The Little Things
458220;[18];2021-01-28;1640;8.119;Palmer
630586;[27, 53];2021-01-26;1163;6.0;Wrong Turn
776797;[27, 53];2021-01-22;887;6.8;The Sadness
775996;[53, 28, 878];2021-01-15;1798;6.4;Outside the Wire
634528;[28, 18, 53];2021-01-15;1611;6.8;The Marksman
550205;[16, 10751, 35, 14];2021-01-15;1358;7.9;Wish Dragon
532865;[18, 36];2021-01-14;1200;6.866;The Dig
628534;[18];2021-01-13;892;6.963;The White Tiger
567797;[80, 53, 9648];2021-01-01;695;6.827;The Dry
675327;[27, 28, 10752];2020-12-31;984;5.826;Shadow in the Cloud
641662;[18];2020-12-30;1220;7.0;Pieces of a Woman
780154;[35, 18, 53];2020-12-28;350;5.9;All My Friends Are Dead
773655;[35];2020-12-27;740;6.5;Death to 2020
661914;[18];2020-12-25;643;7.011;One Night in Miami...
652837;[16, 18, 10749];2020-12-25;483;8.3;Josee, the Tiger and the Fish
615677;[10751, 28, 14, 35];2020-12-25;775;6.004;We Can Be Heroes
581032;[18, 37, 12];2020-12-25;1770;6.961;News of the World
508442;[16, 10751, 35, 14];2020-12-25;10609;8.1;Soul
600354;[18];2020-12-23;3236;8.1;The Father
774372;[10402, 99];2020-12-21;361;8.019;ariana grande: excuse me, i love you
651571;[878, 28, 27];2020-12-17;653;4.2;Breach
464052;[28, 12, 14];2020-12-16;8516;6.419;Wonder Woman 1984
633515;[28, 10752, 12, 36, 18];2020-12-14;689;7.094;The Forgotten Battle
582014;[53, 80, 18];2020-12-13;3290;7.4;Promising Young Woman
721625;[878, 53];2020-12-10;746;6.226;Songbird
614911;[878, 18];2020-12-10;1856;5.739;The Midnight Sky
636565;[35, 12];2020-12-09;1313;7.033;Rose Island
723072;[27, 9648];2020-12-04;953;6.487;Host
662546;[10751, 14, 35];2020-12-04;611;6.7;Godmothered
755339;[35, 10751, 18];2020-12-03;419;7.344;Just Another Christmas
458576;[28, 14, 12];2020-12-03;3323;6.6;Monster Hunter
611213;[10749, 35];2020-12-02;681;6.12;The Prom
447362;[18, 10749];2020-11-27;1894;8.247;Life in a Year
520172;[10749, 35];2020-11-26;1226;7.166;Happiest Season
634544;[18];2020-11-25;407;7.316;Uncle Frank
615667;[18, 10402];2020-11-25;1164;6.659;Ma Rainey's Black Bottom
529203;[16, 10751, 12, 14, 35];2020-11-25;3876;7.467;The Croods: A New Age
575604;[53, 9648, 878];2020-11-23;839;7.5;The Call
787428;[18];2020-11-20;452;7.091;Two Distant Strangers
590706;[28, 878, 14];2020-11-20;615;4.8;Jiu Jitsu
546121;[53, 27, 18];2020-11-20;2595;7.3;Run
502033;[18, 10402];2020-11-20;2567;7.716;Sound of Metal
761053;[10749, 18];2020-11-19;1057;8.378;Gabriel's Inferno: Part III
663870;[28, 35, 18, 53];2020-11-19;886;7.258;Riders of Justice
643882;[10751, 10749, 35, 10770];2020-11-19;881;6.827;The Princess Switch: Switched Again
641501;[878, 12, 28, 35, 53];2020-11-19;502;6.045;How I Became a Superhero
498402;[10402, 35, 18, 10751];2020-11-19;358;6.676;Aline
670203;[53, 18];2020-11-18;431;6.396;The Talent of the Hornet
654028;[10751, 14, 12, 35];2020-11-18;1066;6.462;The Christmas Chronicles: Part Two
614560;[18, 36];2020-11-13;1618;6.682;Mank
568467;[10749, 18];2020-11-13;589;7.0;Ammonite
551804;[35, 27];2020-11-12;1647;6.6;Freaky
592984;[18];2020-11-09;931;6.7;Hillbilly Elegy
622855;[10751, 14, 10402];2020-11-06;525;6.6;Jingle Jangle: A Christmas Journey
738646;[35, 10751, 10749, 10770];2020-11-05;555;6.4;Operation Christmas Drop
596161;[53, 80, 37];2020-11-05;689;6.809;Let Him Go
667869;[18];2020-11-03;546;6.7;The Life Ahead
671039;[80, 53, 28, 18];2020-10-30;589;5.9;Rogue City
621151;[53, 27, 14];2020-10-30;396;6.4;Spell
670428;[878, 35, 27];2020-10-29;365;5.963;PG: Psycho Goreman
602654;[53, 12];2020-10-29;385;5.592;Horizon Line
590995;[27, 18, 14];2020-10-28;819;6.1;The Craft: Legacy
571384;[27, 9648, 53];2020-10-28;682;6.4;Come Play
615665;[35, 10749];2020-10-27;2222;7.0;Holidate
531219;[10751, 35, 14];2020-10-26;2820;6.4;Roald Dahl's The Witches
441130;[16, 10751, 12, 14];2020-10-26;1211;8.2;Wolfwalkers
560144;[878, 28, 53];2020-10-25;552;5.575;Skylines
741074;[16, 10751, 35, 14];2020-10-23;538;6.9;Once Upon a Snowman
740985;[35];2020-10-23;2570;6.444;Borat Subsequent Moviefilm
652004;[27, 53];2020-10-23;432;6.0;The Wolf of Snow Hollow
632322;[10749, 18];2020-10-23;489;7.8;All My Life
549294;[27, 878, 53];2020-10-23;955;6.321;Synchronic
692969;[18, 27, 53];2020-10-22;636;5.605;Cadaver
664031;[10749, 35];2020-10-22;470;6.944;Out of My League
516632;[27, 9648, 53];2020-10-22;856;6.2;The Empty Man
651881;[35, 18];2020-10-21;869;7.2;Bye Bye Morons
602211;[28, 35, 14];2020-10-19;858;5.543;Fatman
720755;[35, 18, 9648];2020-10-16;418;6.6;The Kid Detective
710356;[10749, 18];2020-10-16;581;7.4;2 Hearts
635302;[16, 28, 14, 53];2020-10-16;3997;8.213;Demon Slayer -Kimetsu no Yaiba- The Movie: Mugen Train
590223;[35, 28, 12, 14, 878];2020-10-16;4059;7.304;Love and Monsters
560050;[16, 12, 10751, 14];2020-10-16;1303;7.2;Over the Moon
505379;[10749, 18, 9648, 53];2020-10-16;1098;6.3;Rebecca
740996;[99, 10402];2020-10-14;494;8.254;BLACKPINK: Light Up the Sky
613377;[35, 28];2020-10-14;363;5.457;30 Days Max
643550;[27, 9648, 53];2020-10-13;457;5.9;Nocturne
618353;[16, 28];2020-10-13;424;7.064;Batman: Death in the Family
630566;[10402, 18, 10749];2020-10-09;1009;8.25;Clouds
575776;[27, 9648, 53];2020-10-09;737;6.6;Saint Maud
715123;[27, 878];2020-10-07;446;6.317;Books of Blood
617505;[35, 9648, 27];2020-10-07;1650;5.924;Hubie Halloween
716258;[27, 878, 53];2020-10-06;537;6.4;Black Box
660982;[35];2020-10-06;645;6.202;American Pie Presents: Girls' Rules
604578;[35, 27];2020-10-02;536;6.8;Spontaneous
575417;[18, 35];2020-10-02;692;6.096;On the Rocks
435615;[27, 53, 878];2020-10-02;889;6.349;Possessor
737568;[28, 53];2020-10-01;422;5.795;The Doorman
606876;[35, 10749];2020-10-01;434;6.1;Rifkin’s Festival
528085;[878, 53];2020-10-01;842;5.3;2067
604822;[35, 53, 28, 12];2020-09-30;547;6.325;Vanguard
597156;[18];2020-09-30;428;6.8;The Boys in the Band
743601;[99];2020-09-29;667;7.3;American Murder: The Family Next Door
733156;[53, 27];2020-09-29;388;6.776;Sightless
664280;[99, 18];2020-09-28;368;8.5;David Attenborough: A Life on Our Planet
755812;[16, 10770, 14, 28];2020-09-25;1101;8.1;Miraculous World: New York, United HeroeZ
621870;[28, 12, 35, 14];2020-09-25;537;6.7;Secret Society of Second Born Royals
556984;[18, 36];2020-09-25;3060;7.692;The Trial of the Chicago 7
541305;[80, 18, 35];2020-09-25;469;6.3;Kajillionaire
524216;[14, 27];2020-09-25;432;6.7;The Mortuary Collection
580175;[35, 18];2020-09-24;3321;7.63;Another Round
497582;[12, 9648, 80];2020-09-23;6077;7.261;Enola Holmes
533514;[16, 14, 10749, 18];2020-09-18;414;8.26;Violet Evergarden: The Movie
701175;[53, 18, 80];2020-09-16;631;6.052;The Paramedic
718633;[18];2020-09-12;449;6.9;Bruised
499932;[80, 18, 53];2020-09-11;3388;7.2;The Devil All the Time
623491;[35, 27];2020-09-10;1662;6.361;The Babysitter: Killer Queen
509635;[53, 27];2020-09-10;742;6.348;Alone
594718;[878, 18, 27];2020-09-08;753;6.507;Sputnik
724989;[28, 12, 53];2020-09-04;642;5.0;Hard Kill
682110;[99];2020-09-04;919;7.878;My Octopus Teacher
337401;[12, 14, 28, 10751];2020-09-04;6717;6.9;Mulan
553604;[53, 28, 80];2020-09-03;1753;6.5;Honest Thief
644090;[10749, 35];2020-09-02;640;6.411;Love, Guaranteed
627290;[27];2020-09-02;919;6.2;Antebellum
613504;[10749, 18];2020-09-02;5342;7.172;After We Collided
500840;[18, 14, 9648, 53];2020-08-28;1964;6.578;I'm Thinking of Ending Things
438396;[18, 53];2020-08-28;422;6.3;Unknown Origins
659986;[27, 9648, 53];2020-08-27;392;5.6;The Owners
594328;[10751, 16, 878, 35];2020-08-27;371;7.3;Phineas and Ferb the Movie: Candace Against the Universe
501979;[35, 878, 12];2020-08-27;961;5.907;Bill & Ted Face the Music
425001;[35, 10751];2020-08-27;966;6.44;The War with Grandpa
618354;[16, 28, 878];2020-08-23;447;7.095;Superman: Man of Tomorrow
632632;[16, 18, 10402, 10749];2020-08-22;393;8.3;Given
577922;[28, 53, 878];2020-08-22;10042;7.2;Tenet
626393;[10751, 28];2020-08-21;410;6.4;The Sleepover
621013;[18, 10749];2020-08-21;1117;7.342;Chemical Hearts
523781;[18, 10749];2020-08-21;611;7.8;Words on Bathroom Walls
508570;[10751, 35, 18];2020-08-21;588;7.4;The One and Only Ivan
718444;[28, 12];2020-08-20;689;5.607;Rogue
582885;[18];2020-08-19;442;5.1;Cuties
653598;[35, 80, 27, 53];2020-08-14;443;6.5;Spree
605116;[28, 80, 878];2020-08-14;2857;6.451;Project Power
400160;[10751, 16, 14, 12, 35];2020-08-14;2861;7.5;The SpongeBob Movie: Sponge on the Run
606234;[878, 18, 14, 53];2020-08-13;701;6.3;Archive
612706;[35, 10402];2020-08-07;1170;7.538;Work It
531499;[28, 80, 18];2020-08-07;482;5.6;The Tax Collector
628917;[35, 18];2020-08-06;507;5.7;An American Pickle
703771;[16, 28, 12, 878];2020-08-04;443;6.965;Deathstroke: Knights & Dragons - The Movie
429415;[28, 18, 878, 53];2020-08-01;565;6.5;Extinction
724089;[10749, 18];2020-07-31;1519;8.383;Gabriel's Inferno: Part II
668742;[35, 10751];2020-07-29;545;7.5;Father There Is Only One 2
524047;[28, 53];2020-07-29;4593;7.13;Greenland
726208;[18, 27, 53];2020-07-24;749;6.5;Don't Listen
583083;[35, 10749];2020-07-24;5006;7.6;The Kissing Booth 2
527660;[18, 35];2020-07-24;534;6.308;Yes, God, Yes
601844;[53, 27, 28];2020-07-23;597;6.281;Becky
587496;[27, 53];2020-07-23;903;5.5;The Rental
579583;[35, 18];2020-07-22;1014;7.009;The King of Staten Island
603119;[53, 28, 80];2020-07-18;695;6.446;The Silencing
625568;[28, 53, 27];2020-07-16;2312;6.441;Unhinged
581392;[27, 28, 53, 12];2020-07-15;2381;6.8;Peninsula
659959;[10749, 18];2020-07-14;834;7.389;Summer of 85
587792;[35, 10749, 878];2020-07-10;3180;7.337;Palm Springs
547016;[28, 14];2020-07-10;4220;7.135;The Old Guard
522444;[27, 28, 12];2020-07-09;432;5.2;Black Water: Abyss
516486;[10752, 28, 18];2020-07-09;2961;7.4;Greyhound
679989;[35];2020-07-08;428;5.867;Simply Black
521034;[10751, 14, 18];2020-07-08;585;6.333;The Secret Garden
385103;[16, 35, 10751, 9648];2020-07-08;1721;7.037;Scoob!
608195;[27, 53, 10752, 878];2020-07-03;552;6.3;Ghosts of War
606625;[27, 53];2020-07-03;509;6.2;Follow Me
556574;[36, 18];2020-07-03;1440;8.176;Hamilton
539181;[27, 9648];2020-07-03;747;6.077;Relic
619592;[28, 12, 80, 53];2020-07-02;522;5.148;Force of Nature
539885;[28, 53, 80];2020-07-02;2604;5.8;Ava
706510;[35, 10749];2020-07-01;479;6.0;Desperados
694234;[35, 10749];2020-07-01;554;6.2;Under the Riccione Sun
621707;[27, 9648];2020-07-01;392;5.8;The Vigil
598133;[35];2020-07-01;486;6.1;The F**k-It List
595148;[35, 18];2020-07-01;446;6.0;Irresistible
677638;[16, 12, 10751, 35, 10770];2020-06-30;811;7.829;We Bare Bears: The Movie
531454;[35, 10402];2020-06-26;1434;6.439;Eurovision Song Contest: The Story of Fire Saga
429422;[80, 18];2020-06-26;382;5.005;Capone
614696;[28, 27];2020-06-24;1849;7.236;#Alive
531876;[10752, 18, 36, 28];2020-06-24;1051;6.902;The Outpost
707886;[35, 10402, 18];2020-06-19;1119;7.6;Feel the Beat
706503;[28, 53, 80];2020-06-19;790;6.608;Lost Bullet
667520;[16, 18, 10749, 14];2020-06-18;1389;7.892;A Whisker Away
514593;[27, 53];2020-06-18;793;6.0;You Should Have Left
708336;[27];2020-06-15;851;6.5;Return of the Tooth Fairy
614292;[18];2020-06-15;573;6.7;Bad Tales
522098;[18, 35, 10749];2020-06-15;351;6.9;Babyteeth
599521;[14, 10749, 10770];2020-06-13;454;7.5;Z-O-M-B-I-E-S 2
581859;[10752, 18];2020-06-12;1078;6.482;Da 5 Bloods
836466;[16];2020-06-10;1237;6.343;Return
606679;[10749, 35, 10402, 18];2020-06-10;450;7.0;The High Note
339095;[28, 80, 53];2020-06-05;818;6.5;The Last Days of American Crime
696374;[10749, 18];2020-05-29;2416;8.4;Gabriel's Inferno
475430;[12, 14, 878, 10751, 28];2020-05-29;1657;5.6;Artemis Fowl
576156;[35, 28, 10749];2020-05-22;698;6.1;The Lovebirds
513268;[27, 53, 9648];2020-05-19;353;6.2;Body Cam
582596;[35, 10749];2020-05-13;1187;6.151;The Wrong Missy
618344;[16, 28, 878];2020-05-05;1473;8.2;Justice League Dark: Apokolips War
597219;[35, 10749, 18];2020-05-01;1506;7.088;The Half of It
689723;[53];2020-04-30;866;6.3;Dangerous Lies
656563;[10749, 35];2020-04-30;616;7.71;Rich in Love
602147;[18, 9648, 53];2020-04-30;649;6.4;Inheritance
545609;[28, 53];2020-04-23;6132;7.3;Extraction
560044;[16, 35, 10751];2020-04-22;915;7.057;The Willoughbys
581577;[10752, 18];2020-04-17;404;7.6;Persian Lessons
680593;[27, 18, 9648];2020-04-16;460;6.2;The Dark and the Wicked
550231;[18, 10749];2020-04-16;614;7.294;The Secret: Dare to Dream
664767;[16, 28, 14];2020-04-12;1384;8.101;Mortal Kombat Legends: Scorpion's Revenge
624808;[35, 10749];2020-04-10;701;5.7;Love Wedding Repeat
689249;[99];2020-04-03;1074;7.4;Money Heist: The Phenomenon
615177;[35, 28, 80];2020-04-03;413;5.479;Coffee & Kareem
340102;[878, 27, 28];2020-04-02;3446;6.1;The New Mutants
491926;[10752, 36, 18];2020-03-27;432;6.947;Resistance
674944;[53, 18];2020-03-25;747;6.4;The Occupant
681019;[35, 27];2020-03-20;658;5.257;Nobody Sleeps in the Woods Tonight
595671;[18];2020-03-13;523;7.163;Never Rarely Sometimes Always
449756;[18, 53];2020-03-13;582;6.4;The Postcard Killings
585244;[10402, 18, 10749];2020-03-12;1172;7.6;I Still Believe
514847;[28, 53, 27];2020-03-11;3261;6.636;The Hunt
480857;[18, 10749, 36];2020-03-11;839;6.598;Radioactive
446893;[10751, 16, 35, 14, 12, 10402];2020-03-11;2149;7.286;Trolls World Tour
382748;[35, 18, 10749, 10751];2020-03-10;557;7.4;Stargirl
668195;[18];2020-03-09;419;6.156;Ultras
713776;[18, 16];2020-03-07;917;7.686;If Anything Happens I Love You
627725;[18];2020-03-06;973;7.6;The Banker
590854;[18, 53];2020-03-06;548;6.928;The Hater
581600;[35, 28, 53];2020-03-06;2321;6.528;Spenser Confidential
558582;[18, 37];2020-03-06;475;7.1;First Cow
507441;[53, 27, 18, 878, 9648];2020-03-06;567;6.1;Sea Fever
502425;[18, 36, 53];2020-03-06;1345;7.2;Escape from Pretoria
529485;[18];2020-03-05;1213;6.643;The Way Back
338762;[28, 878, 12];2020-03-05;4988;6.71;Bloodshot
673595;[16, 35, 10751, 10749];2020-02-29;352;7.4;"Maggie Simpson in ""Playdate with Destiny"""
508439;[10751, 16, 12, 35, 14];2020-02-29;6189;7.675;Onward
489326;[28, 14, 53];2020-02-28;469;6.5;Mortal
342470;[10749, 18];2020-02-28;2883;7.6;All the Bright Places
674607;[53];2020-02-27;418;6.17;The Decline
514207;[878, 18, 28];2020-02-27;809;6.889;Invasion
457335;[28, 35, 80, 53];2020-02-27;2334;6.446;Guns Akimbo
570670;[53, 878, 27];2020-02-26;5783;7.109;The Invisible Man
618355;[878, 16, 28];2020-02-24;827;7.137;Superman: Red Son
555974;[27, 9648, 53];2020-02-20;1239;5.9;Brahms: The Boy II
526007;[53, 80, 18];2020-02-19;803;6.2;The Night Clerk
481848;[12, 10751, 18];2020-02-19;3762;7.545;The Call of the Wild
658760;[10749, 35];2020-02-14;909;6.928;Isi & Ossi
616803;[18, 53];2020-02-14;413;6.7;Breaking Surface
610461;[35];2020-02-14;387;8.0;Veinteañera, divorciada y fantástica
505225;[18, 53];2020-02-14;508;4.865;The Last Thing He Wanted
606566;[10749, 18, 35];2020-02-13;414;6.813;The Best Years
556678;[35, 10749];2020-02-13;1763;7.0;Emma.
539537;[12, 14, 27, 9648];2020-02-12;2478;5.791;Fantasy Island
454626;[28, 878, 35, 10751];2020-02-12;9757;7.308;Sonic the Hedgehog
664413;[10749, 18];2020-02-07;9080;7.032;365 Days
495764;[28, 80];2020-02-05;10330;6.909;Birds of Prey (and the Fantabulous Emancipation of One Harley Quinn)
565426;[10749, 35];2020-02-03;2574;6.829;To All the Boys: P.S. I Still Love You
653567;[99, 10402];2020-01-31;602;7.902;Miss Americana
627463;[18];2020-01-31;459;6.3;The Assistant
466622;[28, 53];2020-01-31;606;5.5;The Rhythm Section
606954;[35];2020-01-30;934;7.076;I Hate Summer
542224;[14, 27, 9648];2020-01-30;1447;5.987;Gretel & Hansel
451184;[18, 36, 53];2020-01-29;380;6.1;Wasp Network
670355;[18, 14];2020-01-28;565;6.466;Return
567970;[18, 9648, 53, 36];2020-01-28;703;6.1;Lost Girls
653601;[18];2020-01-27;552;5.7;Horse Girl
575774;[18, 27];2020-01-27;1091;6.421;His House
552532;[18];2020-01-27;474;7.832;Charm City Kings
656690;[99, 18];2020-01-26;1611;7.451;The Social Dilemma
522241;[53, 36, 18];2020-01-24;1157;7.1;The Courier
652483;[35, 18, 10749];2020-01-23;699;6.3;Airplane Mode
640923;[35];2020-01-23;373;5.9;Kidz
492611;[27, 53];2020-01-23;979;5.7;The Turning
442065;[18, 28, 10752];2020-01-23;449;7.3;The Last Full Measure
651070;[18, 53, 9648];2020-01-17;934;7.016;A Fall from Grace
640344;[10751, 14];2020-01-17;467;8.056;Me Against You: Mr. S's Vendetta
639798;[18, 27];2020-01-17;657;6.4;32 Malasana Street
609242;[35, 53, 80];2020-01-16;790;7.768;The Heist of the Century
474764;[27, 18, 9648, 53];2020-01-16;1275;6.109;The Lodge
586461;[18, 53, 27];2020-01-15;757;6.622;Swallow
38700;[53, 28, 80];2020-01-15;8337;7.136;Bad Boys for Life
592834;[10751, 28, 35];2020-01-09;1264;6.9;My Spy
590869;[18, 36];2020-01-09;399;5.936;Hammamet
526019;[35];2020-01-09;644;6.3;Like a Boss
443791;[27, 878, 28, 12];2020-01-08;3153;6.3;Underwater
630220;[18, 10751];2020-01-02;679;7.426;18 Presents
448119;[10751, 35, 14, 12];2020-01-02;3662;6.599;Dolittle
593402;[35, 18, 10751];2020-01-01;1243;6.115;Tolo Tolo
522627;[28, 80, 35];2020-01-01;5932;7.68;The Gentlemen
430155;[878, 12, 28];2020-01-01;551;6.392;Coma
